INSERT INTO LINEUP (LINEUP_ID, TACTIC) VALUES ('0','T343');
INSERT INTO LINEUP (LINEUP_ID, TACTIC) VALUES ('1','T442');
INSERT INTO LINEUP (LINEUP_ID, TACTIC) VALUES ('2','T442');
INSERT INTO LINEUP (LINEUP_ID, TACTIC) VALUES ('3','T532');

INSERT INTO TEAM (TEAM_ID, name, line_up_lineup_id, `DEFAULT`) VALUES ('01fdbce47d104916b71f13cf61bbffe8', 'FC Barcelona', '0', true);
INSERT INTO TEAM (TEAM_ID, name, line_up_lineup_id, `DEFAULT`) VALUES ('1eb88008666611ebae930242ac130002', 'Real Madrid', '1', true);
INSERT INTO TEAM (TEAM_ID, name, line_up_lineup_id, `DEFAULT`) VALUES ('cb743f6420fb443a96b0aebc0f47d6e1', 'Deportivo', '2', true);
INSERT INTO TEAM (TEAM_ID, name, line_up_lineup_id, `DEFAULT`) VALUES ('95fb07024bbf485f9f930167d8e8c2c9', 'Valencia CF', '3', true);

INSERT INTO PLAYER (PLAYER_ID, name, alias, average, TEAM_ID) VALUES ('0', 'Andoni Zubizarreta Urreta', 'Zubizarreta', 80, '01fdbce47d104916b71f13cf61bbffe8');
INSERT INTO PLAYER (PLAYER_ID, name, alias, average, TEAM_ID) VALUES ('1', 'Albert Ferrer Llopis', 'Ferrer', 84, '01fdbce47d104916b71f13cf61bbffe8');
INSERT INTO PLAYER (PLAYER_ID, name, alias, average, TEAM_ID) VALUES ('2', 'Josep Guardiola Sala', 'Guardiola', 83, '01fdbce47d104916b71f13cf61bbffe8');
INSERT INTO PLAYER (PLAYER_ID, name, alias, average, TEAM_ID) VALUES ('3', 'Guillermo Amor Martínez', 'Amor', 79, '01fdbce47d104916b71f13cf61bbffe8');
INSERT INTO PLAYER (PLAYER_ID, name, alias, average, TEAM_ID) VALUES ('4', 'Miguel Angel Nadal Homar', 'Nadal', 84, '01fdbce47d104916b71f13cf61bbffe8');
INSERT INTO PLAYER (PLAYER_ID, name, alias, average, TEAM_ID) VALUES ('5', 'José María Bakero Escudero', 'Bakero', 84, '01fdbce47d104916b71f13cf61bbffe8');
INSERT INTO PLAYER (PLAYER_ID, name, alias, average, TEAM_ID) VALUES ('6', 'Jon Andoni Goikoetxea Lasa', 'Goikoetxea', 79, '01fdbce47d104916b71f13cf61bbffe8');
INSERT INTO PLAYER (PLAYER_ID, name, alias, average, TEAM_ID) VALUES ('7', 'Hristo Stoichkov', 'Stoichkov', 87, '01fdbce47d104916b71f13cf61bbffe8');
INSERT INTO PLAYER (PLAYER_ID, name, alias, average, TEAM_ID) VALUES ('8', 'Michael Laudrup', 'Laudrup', 88, '01fdbce47d104916b71f13cf61bbffe8');
INSERT INTO PLAYER (PLAYER_ID, name, alias, average, TEAM_ID) VALUES ('9', 'Romario Da Souza Faria', 'Romario', 88, '01fdbce47d104916b71f13cf61bbffe8');
INSERT INTO PLAYER (PLAYER_ID, name, alias, average, TEAM_ID) VALUES ('10', 'Enrique Estebaranz Lopez', 'Estebaranz', 86, '01fdbce47d104916b71f13cf61bbffe8');
INSERT INTO PLAYER (PLAYER_ID, name, alias, average, TEAM_ID) VALUES ('11', 'Julio Salinas Fernádez', 'Julio Salinas', 63, '01fdbce47d104916b71f13cf61bbffe8');
INSERT INTO PLAYER (PLAYER_ID, name, alias, average, TEAM_ID) VALUES ('12', 'Aitor Beguiristain Mújika', 'Beguiristain', 83, '01fdbce47d104916b71f13cf61bbffe8');
INSERT INTO PLAYER (PLAYER_ID, name, alias, average, TEAM_ID) VALUES ('13', 'Ronald Koeman', 'Koeman', 79, '01fdbce47d104916b71f13cf61bbffe8');
INSERT INTO PLAYER (PLAYER_ID, name, alias, average, TEAM_ID) VALUES ('14', 'Iván Iglesias Corteguera', 'Iván', 76, '01fdbce47d104916b71f13cf61bbffe8');
INSERT INTO PLAYER (PLAYER_ID, name, alias, average, TEAM_ID) VALUES ('15', 'Carles Busquets Barroso', 'Busquets', 74, '01fdbce47d104916b71f13cf61bbffe8');

INSERT INTO PLAYER (PLAYER_ID, name, alias, average, TEAM_ID) VALUES ('25', 'Francisco Buyo Sánchez', 'Buyo', 83, '1eb88008666611ebae930242ac130002');
INSERT INTO PLAYER (PLAYER_ID, name, alias, average, TEAM_ID) VALUES ('26', 'Claudeomir Vitor', 'Vitor', 84, '1eb88008666611ebae930242ac130002');
INSERT INTO PLAYER (PLAYER_ID, name, alias, average, TEAM_ID) VALUES ('27', 'Luis Enrique Martínez García', 'Luis Enrique', 81, '1eb88008666611ebae930242ac130002');
INSERT INTO PLAYER (PLAYER_ID, name, alias, average, TEAM_ID) VALUES ('28', 'Rafael Alkorta Martínez', 'Alkorta', 88, '1eb88008666611ebae930242ac130002');
INSERT INTO PLAYER (PLAYER_ID, name, alias, average, TEAM_ID) VALUES ('29', 'Manuel Sanchís Hontiyuelo', 'Sanchís', 76, '1eb88008666611ebae930242ac130002');
INSERT INTO PLAYER (PLAYER_ID, name, alias, average, TEAM_ID) VALUES ('30', 'Fernando Ruiz Hierro', 'Hierro', 66, '1eb88008666611ebae930242ac130002');
INSERT INTO PLAYER (PLAYER_ID, name, alias, average, TEAM_ID) VALUES ('31', 'Emilio Butragueño Santos', 'Butragueño', 86, '1eb88008666611ebae930242ac130002');
INSERT INTO PLAYER (PLAYER_ID, name, alias, average, TEAM_ID) VALUES ('32', 'J. Miguel González Martín', 'Míchel', 85, '1eb88008666611ebae930242ac130002');
INSERT INTO PLAYER (PLAYER_ID, name, alias, average, TEAM_ID) VALUES ('33', 'Iván Luis Zamorano Zamora', 'Zamorano', 86, '1eb88008666611ebae930242ac130002');
INSERT INTO PLAYER (PLAYER_ID, name, alias, average, TEAM_ID) VALUES ('34', 'Robert Prosinecki', 'Prosinecki', 86, '1eb88008666611ebae930242ac130002');
INSERT INTO PLAYER (PLAYER_ID, name, alias, average, TEAM_ID) VALUES ('35', 'Rafael Martín Vázquez', 'Martín Vázquez', 86, '1eb88008666611ebae930242ac130002');
INSERT INTO PLAYER (PLAYER_ID, name, alias, average, TEAM_ID) VALUES ('36', 'Alfonso Pérez Muñoz', 'Alfonso', 85, '1eb88008666611ebae930242ac130002');
INSERT INTO PLAYER (PLAYER_ID, name, alias, average, TEAM_ID) VALUES ('37', 'Mikel Lasa Goikoetxea', 'Lasa', 77, '1eb88008666611ebae930242ac130002');
INSERT INTO PLAYER (PLAYER_ID, name, alias, average, TEAM_ID) VALUES ('38', 'Peter Dubovsky', 'Dubovsky', 77, '1eb88008666611ebae930242ac130002');
INSERT INTO PLAYER (PLAYER_ID, name, alias, average, TEAM_ID) VALUES ('39', 'Luis Milla Aspas', 'Milla', 72, '1eb88008666611ebae930242ac130002');
INSERT INTO PLAYER (PLAYER_ID, name, alias, average, TEAM_ID) VALUES ('40', 'Pedro Luis Jaro Reguero', 'Jaro', 68, '1eb88008666611ebae930242ac130002');

INSERT INTO PLAYER (PLAYER_ID, name, alias, average, TEAM_ID) VALUES ('50', '', 'Liaño', 73, 'cb743f6420fb443a96b0aebc0f47d6e1');
INSERT INTO PLAYER (PLAYER_ID, name, alias, average, TEAM_ID) VALUES ('51', '', 'Voro', 75, 'cb743f6420fb443a96b0aebc0f47d6e1');
INSERT INTO PLAYER (PLAYER_ID, name, alias, average, TEAM_ID) VALUES ('52', '', 'Nando', 80, 'cb743f6420fb443a96b0aebc0f47d6e1');
INSERT INTO PLAYER (PLAYER_ID, name, alias, average, TEAM_ID) VALUES ('53', '', 'Ribera', 69, 'cb743f6420fb443a96b0aebc0f47d6e1');
INSERT INTO PLAYER (PLAYER_ID, name, alias, average, TEAM_ID) VALUES ('54', '', 'Djukic', 85, 'cb743f6420fb443a96b0aebc0f47d6e1');
INSERT INTO PLAYER (PLAYER_ID, name, alias, average, TEAM_ID) VALUES ('55', '', 'Mauro Silva', 87, 'cb743f6420fb443a96b0aebc0f47d6e1');
INSERT INTO PLAYER (PLAYER_ID, name, alias, average, TEAM_ID) VALUES ('56', '', 'Lopez Rekarte', 75, 'cb743f6420fb443a96b0aebc0f47d6e1');
INSERT INTO PLAYER (PLAYER_ID, name, alias, average, TEAM_ID) VALUES ('57', '', 'Donato', 80, 'cb743f6420fb443a96b0aebc0f47d6e1');
INSERT INTO PLAYER (PLAYER_ID, name, alias, average, TEAM_ID) VALUES ('58', '', 'Claudio', 76, 'cb743f6420fb443a96b0aebc0f47d6e1');
INSERT INTO PLAYER (PLAYER_ID, name, alias, average, TEAM_ID) VALUES ('59', '', 'Fran', 87, 'cb743f6420fb443a96b0aebc0f47d6e1');
INSERT INTO PLAYER (PLAYER_ID, name, alias, average, TEAM_ID) VALUES ('60', '', 'Bebeto', 86, 'cb743f6420fb443a96b0aebc0f47d6e1');
INSERT INTO PLAYER (PLAYER_ID, name, alias, average, TEAM_ID) VALUES ('61', '', 'Jose Ramon', 72, 'cb743f6420fb443a96b0aebc0f47d6e1');
INSERT INTO PLAYER (PLAYER_ID, name, alias, average, TEAM_ID) VALUES ('62', '', 'Mariano', 68, 'cb743f6420fb443a96b0aebc0f47d6e1');
INSERT INTO PLAYER (PLAYER_ID, name, alias, average, TEAM_ID) VALUES ('63', '', 'Manjarin', 82, 'cb743f6420fb443a96b0aebc0f47d6e1');
INSERT INTO PLAYER (PLAYER_ID, name, alias, average, TEAM_ID) VALUES ('64', '', 'Marcos Vales', 74, 'cb743f6420fb443a96b0aebc0f47d6e1');
INSERT INTO PLAYER (PLAYER_ID, name, alias, average, TEAM_ID) VALUES ('65', '', 'Elduayen', 70, 'cb743f6420fb443a96b0aebc0f47d6e1');

INSERT INTO PLAYER (PLAYER_ID, name, alias, average, TEAM_ID) VALUES ('75', '', 'Sempere', 78, '95fb07024bbf485f9f930167d8e8c2c9');
INSERT INTO PLAYER (PLAYER_ID, name, alias, average, TEAM_ID) VALUES ('76', '', 'Quique', 75, '95fb07024bbf485f9f930167d8e8c2c9');
INSERT INTO PLAYER (PLAYER_ID, name, alias, average, TEAM_ID) VALUES ('77', '', 'Serer', 76, '95fb07024bbf485f9f930167d8e8c2c9');
INSERT INTO PLAYER (PLAYER_ID, name, alias, average, TEAM_ID) VALUES ('78', '', 'Camarasa', 78, '95fb07024bbf485f9f930167d8e8c2c9');
INSERT INTO PLAYER (PLAYER_ID, name, alias, average, TEAM_ID) VALUES ('79', '', 'Giner', 79, '95fb07024bbf485f9f930167d8e8c2c9');
INSERT INTO PLAYER (PLAYER_ID, name, alias, average, TEAM_ID) VALUES ('80', '', 'Roberto', 78, '95fb07024bbf485f9f930167d8e8c2c9');
INSERT INTO PLAYER (PLAYER_ID, name, alias, average, TEAM_ID) VALUES ('81', '', 'Arroyo', 77, '95fb07024bbf485f9f930167d8e8c2c9');
INSERT INTO PLAYER (PLAYER_ID, name, alias, average, TEAM_ID) VALUES ('82', '', 'Mijatovic', 89, '95fb07024bbf485f9f930167d8e8c2c9');
INSERT INTO PLAYER (PLAYER_ID, name, alias, average, TEAM_ID) VALUES ('83', '', 'Penev', 84, '95fb07024bbf485f9f930167d8e8c2c9');
INSERT INTO PLAYER (PLAYER_ID, name, alias, average, TEAM_ID) VALUES ('84', '', 'Fernando', 80, '95fb07024bbf485f9f930167d8e8c2c9');
INSERT INTO PLAYER (PLAYER_ID, name, alias, average, TEAM_ID) VALUES ('85', '', 'Pizzi', 78, '95fb07024bbf485f9f930167d8e8c2c9');
INSERT INTO PLAYER (PLAYER_ID, name, alias, average, TEAM_ID) VALUES ('86', '', 'Galvez', 81, '95fb07024bbf485f9f930167d8e8c2c9');
INSERT INTO PLAYER (PLAYER_ID, name, alias, average, TEAM_ID) VALUES ('87', '', 'Belodedici', 80, '95fb07024bbf485f9f930167d8e8c2c9');
INSERT INTO PLAYER (PLAYER_ID, name, alias, average, TEAM_ID) VALUES ('88', '', 'Tomas', 76, '95fb07024bbf485f9f930167d8e8c2c9');
INSERT INTO PLAYER (PLAYER_ID, name, alias, average, TEAM_ID) VALUES ('89', '', 'Alvaro', 77, '95fb07024bbf485f9f930167d8e8c2c9');
INSERT INTO PLAYER (PLAYER_ID, name, alias, average, TEAM_ID) VALUES ('90', '', 'Gonzalez', 75, '95fb07024bbf485f9f930167d8e8c2c9');


INSERT INTO lineup_line_up (line_up_lineup_id, line_up_player_id) VALUES ('0', '0');
INSERT INTO lineup_line_up (line_up_lineup_id, line_up_player_id) VALUES ('0', '1');
INSERT INTO lineup_line_up (line_up_lineup_id, line_up_player_id) VALUES ('0', '2');
INSERT INTO lineup_line_up (line_up_lineup_id, line_up_player_id) VALUES ('0', '3');
INSERT INTO lineup_line_up (line_up_lineup_id, line_up_player_id) VALUES ('0', '4');
INSERT INTO lineup_line_up (line_up_lineup_id, line_up_player_id) VALUES ('0', '5');
INSERT INTO lineup_line_up (line_up_lineup_id, line_up_player_id) VALUES ('0', '6');
INSERT INTO lineup_line_up (line_up_lineup_id, line_up_player_id) VALUES ('0', '7');
INSERT INTO lineup_line_up (line_up_lineup_id, line_up_player_id) VALUES ('0', '8');
INSERT INTO lineup_line_up (line_up_lineup_id, line_up_player_id) VALUES ('0', '9');
INSERT INTO lineup_line_up (line_up_lineup_id, line_up_player_id) VALUES ('0', '10');

INSERT INTO lineup_line_up (line_up_lineup_id, line_up_player_id) VALUES ('1', '25');
INSERT INTO lineup_line_up (line_up_lineup_id, line_up_player_id) VALUES ('1', '26');
INSERT INTO lineup_line_up (line_up_lineup_id, line_up_player_id) VALUES ('1', '27');
INSERT INTO lineup_line_up (line_up_lineup_id, line_up_player_id) VALUES ('1', '28');
INSERT INTO lineup_line_up (line_up_lineup_id, line_up_player_id) VALUES ('1', '29');
INSERT INTO lineup_line_up (line_up_lineup_id, line_up_player_id) VALUES ('1', '30');
INSERT INTO lineup_line_up (line_up_lineup_id, line_up_player_id) VALUES ('1', '31');
INSERT INTO lineup_line_up (line_up_lineup_id, line_up_player_id) VALUES ('1', '32');
INSERT INTO lineup_line_up (line_up_lineup_id, line_up_player_id) VALUES ('1', '33');
INSERT INTO lineup_line_up (line_up_lineup_id, line_up_player_id) VALUES ('1', '34');
INSERT INTO lineup_line_up (line_up_lineup_id, line_up_player_id) VALUES ('1', '35');

INSERT INTO lineup_line_up (line_up_lineup_id, line_up_player_id) VALUES ('2', '50');
INSERT INTO lineup_line_up (line_up_lineup_id, line_up_player_id) VALUES ('2', '51');
INSERT INTO lineup_line_up (line_up_lineup_id, line_up_player_id) VALUES ('2', '52');
INSERT INTO lineup_line_up (line_up_lineup_id, line_up_player_id) VALUES ('2', '53');
INSERT INTO lineup_line_up (line_up_lineup_id, line_up_player_id) VALUES ('2', '54');
INSERT INTO lineup_line_up (line_up_lineup_id, line_up_player_id) VALUES ('2', '55');
INSERT INTO lineup_line_up (line_up_lineup_id, line_up_player_id) VALUES ('2', '56');
INSERT INTO lineup_line_up (line_up_lineup_id, line_up_player_id) VALUES ('2', '57');
INSERT INTO lineup_line_up (line_up_lineup_id, line_up_player_id) VALUES ('2', '58');
INSERT INTO lineup_line_up (line_up_lineup_id, line_up_player_id) VALUES ('2', '59');
INSERT INTO lineup_line_up (line_up_lineup_id, line_up_player_id) VALUES ('2', '60');

INSERT INTO lineup_line_up (line_up_lineup_id, line_up_player_id) VALUES ('3', '75');
INSERT INTO lineup_line_up (line_up_lineup_id, line_up_player_id) VALUES ('3', '76');
INSERT INTO lineup_line_up (line_up_lineup_id, line_up_player_id) VALUES ('3', '77');
INSERT INTO lineup_line_up (line_up_lineup_id, line_up_player_id) VALUES ('3', '78');
INSERT INTO lineup_line_up (line_up_lineup_id, line_up_player_id) VALUES ('3', '79');
INSERT INTO lineup_line_up (line_up_lineup_id, line_up_player_id) VALUES ('3', '80');
INSERT INTO lineup_line_up (line_up_lineup_id, line_up_player_id) VALUES ('3', '81');
INSERT INTO lineup_line_up (line_up_lineup_id, line_up_player_id) VALUES ('3', '82');
INSERT INTO lineup_line_up (line_up_lineup_id, line_up_player_id) VALUES ('3', '83');
INSERT INTO lineup_line_up (line_up_lineup_id, line_up_player_id) VALUES ('3', '84');
INSERT INTO lineup_line_up (line_up_lineup_id, line_up_player_id) VALUES ('3', '85');

