create table game
(
    game_id           uuid not null,
    season_season_id  uuid,
    user_team_team_id uuid,
    primary key (game_id)
);

create table game_game_teams
(
    game_data_entity_game_id uuid not null,
    game_teams_team_id       uuid not null
);

create table game_week
(
    game_week_id bigint generated by default as identity,
    primary key (game_week_id)
);

create table game_week_matches
(
    game_week_data_entity_game_week_id bigint not null,
    matches_match_id                   bigint not null
);

create table lineup
(
    lineup_id uuid not null,
    tactic    varchar(255),
    primary key (lineup_id)
);

create table lineup_line_up
(
    line_up_lineup_id uuid not null,
    line_up_player_id uuid not null
);

create table match
(
    match_id        bigint generated by default as identity,
    away_team_goals integer,
    home_team_goals integer,
    away_team_id    uuid not null,
    home_team_id    uuid not null,
    primary key (match_id)
);

create table player
(
    player_id uuid not null,
    alias     varchar(255),
    average   integer,
    name      varchar(255),
    team_id   uuid,
    primary key (player_id)
);

create table season
(
    season_id    uuid not null,
    current_week integer,
    primary key (season_id)
);

create table season_game_weeks
(
    season_data_entity_season_id uuid not null,
    game_weeks_game_week_id      bigint not null
);

create table season_teams
(
    season_data_entity_season_id uuid not null,
    teams_team_id                uuid not null
);

create table team
(
    team_id           uuid not null,
    def               boolean,
    name              varchar(255),
    line_up_lineup_id uuid,
    primary key (team_id)
);

alter table game_game_teams
    add constraint UK_q82p1u7r4hffsxx1js5j6c0hp unique (game_teams_team_id);

alter table game_week_matches
    add constraint UK_74c6scghda9e1aieq68n0l3b6 unique (matches_match_id);

alter table lineup_line_up
    add constraint UK_qxwaanc7pquqd165unvld4uuf unique (line_up_player_id);

alter table season_game_weeks
    add constraint UK_fmso5lpem6yhlopcqmkyuilj7 unique (game_weeks_game_week_id);

alter table season_teams
    add constraint UK_mnakygn2t5udw83kxij5r4yfg unique (teams_team_id);

alter table game
    add constraint FKbiekpom8o778eldb36cfgi58l
        foreign key (season_season_id)
            references season;

alter table game
    add constraint FK24ouiqbg77he1bfsinl3lwsj5
        foreign key (user_team_team_id)
            references team;

alter table game_game_teams
    add constraint FKo8c4jp1bqpnkcbejmr2aby677
        foreign key (game_teams_team_id)
            references team;

alter table game_game_teams
    add constraint FKh3tthyi624f9kxsfdmmmaqyxk
        foreign key (game_data_entity_game_id)
            references game;

alter table game_week_matches
    add constraint FKshj7o7uk5t1idk80sd3e0se3v
        foreign key (matches_match_id)
            references match;

alter table game_week_matches
    add constraint FK3l9kelhm9ojfcqd708frl8jn0
        foreign key (game_week_data_entity_game_week_id)
            references game_week;

alter table lineup_line_up
    add constraint FKhomel4alvhcirk85g6wfsn6lx
        foreign key (line_up_player_id)
            references player;

alter table lineup_line_up
    add constraint FKpr0csvsh8pqjk4mkeyq1wp9wl
        foreign key (line_up_lineup_id)
            references lineup;

alter table match
    add constraint FKsyjor2anx7bkbst7ebyw13jcs
        foreign key (away_team_id)
            references team;

alter table match
    add constraint FK6ihefb9r7f0fcm0xuves72b2l
        foreign key (home_team_id)
            references team;

alter table player
    add constraint FKdvd6ljes11r44igawmpm1mc5s
        foreign key (team_id)
            references team;

alter table season_game_weeks
    add constraint FKeq8wwuy585jjk0cv1qaov0b3a
        foreign key (game_weeks_game_week_id)
            references game_week;

alter table season_game_weeks
    add constraint FKg72vtrl4cclyswfi37h1pb296
        foreign key (season_data_entity_season_id)
            references season;

alter table season_teams
    add constraint FKfxopxx44bul9j7tsbpysrcq65
        foreign key (teams_team_id)
            references team;

alter table season_teams
    add constraint FK3g5qtwx1bt49ymv9uvxj7j7cw
        foreign key (season_data_entity_season_id)
            references season;

alter table team
    add constraint FK6an9j0khmkqclogp9u63wdjbg
        foreign key (line_up_lineup_id)
            references lineup;

INSERT INTO LINEUP (LINEUP_ID, TACTIC)
VALUES ('6f6d7e6942464b78860e8dd86d615ceb', 'T343');
INSERT INTO LINEUP (LINEUP_ID, TACTIC)
VALUES ('a945d329ae2843e8918deb44a9f49cf6', 'T442');
INSERT INTO LINEUP (LINEUP_ID, TACTIC)
VALUES ('db206792f40d49f6819f9ac1ff868d85', 'T442');
INSERT INTO LINEUP (LINEUP_ID, TACTIC)
VALUES ('a62b21f61dae4e1ca47a5055beae7e76', 'T532');

INSERT INTO TEAM (TEAM_ID, name, line_up_lineup_id, DEF)
VALUES ('01fdbce47d104916b71f13cf61bbffe8', 'FC Barcelona', '6f6d7e6942464b78860e8dd86d615ceb', true);
INSERT INTO TEAM (TEAM_ID, name, line_up_lineup_id, DEF)
VALUES ('1eb88008666611ebae930242ac130002', 'Real Madrid', 'a945d329ae2843e8918deb44a9f49cf6', true);
INSERT INTO TEAM (TEAM_ID, name, line_up_lineup_id, DEF)
VALUES ('cb743f6420fb443a96b0aebc0f47d6e1', 'Deportivo', 'db206792f40d49f6819f9ac1ff868d85', true);
INSERT INTO TEAM (TEAM_ID, name, line_up_lineup_id, DEF)
VALUES ('95fb07024bbf485f9f930167d8e8c2c9', 'Valencia CF', 'a62b21f61dae4e1ca47a5055beae7e76', true);

INSERT INTO PLAYER (PLAYER_ID, name, alias, average, TEAM_ID)
VALUES ('c34f805cd6e34c009ee3c0fa331a7c6f', 'Andoni Zubizarreta Urreta', 'Zubizarreta', 80,
        '01fdbce47d104916b71f13cf61bbffe8');
INSERT INTO PLAYER (PLAYER_ID, name, alias, average, TEAM_ID)
VALUES ('2e9b1ee48f1e49c8a3d8780f6e390303', 'Albert Ferrer Llopis', 'Ferrer', 84, '01fdbce47d104916b71f13cf61bbffe8');
INSERT INTO PLAYER (PLAYER_ID, name, alias, average, TEAM_ID)
VALUES ('bb12ab03158842519383028d879853aa', 'Josep Guardiola Sala', 'Guardiola', 83,
        '01fdbce47d104916b71f13cf61bbffe8');
INSERT INTO PLAYER (PLAYER_ID, name, alias, average, TEAM_ID)
VALUES ('fc519992558e4467a242522bdef2ad50', 'Guillermo Amor Martínez', 'Amor', 79, '01fdbce47d104916b71f13cf61bbffe8');
INSERT INTO PLAYER (PLAYER_ID, name, alias, average, TEAM_ID)
VALUES ('dc30811ff7b843ae82746a6ee58d2d66', 'Miguel Angel Nadal Homar', 'Nadal', 84,
        '01fdbce47d104916b71f13cf61bbffe8');
INSERT INTO PLAYER (PLAYER_ID, name, alias, average, TEAM_ID)
VALUES ('34f065ae0cf84c9e93f08b80c0b2b4dc', 'José María Bakero Escudero', 'Bakero', 84,
        '01fdbce47d104916b71f13cf61bbffe8');
INSERT INTO PLAYER (PLAYER_ID, name, alias, average, TEAM_ID)
VALUES ('c505fb7dbbf647a99b16046fc5dc49f7', 'Jon Andoni Goikoetxea Lasa', 'Goikoetxea', 79,
        '01fdbce47d104916b71f13cf61bbffe8');
INSERT INTO PLAYER (PLAYER_ID, name, alias, average, TEAM_ID)
VALUES ('d5ef3a12383d4cbb87eacb7a1bbe3e9b', 'Hristo Stoichkov', 'Stoichkov', 87, '01fdbce47d104916b71f13cf61bbffe8');
INSERT INTO PLAYER (PLAYER_ID, name, alias, average, TEAM_ID)
VALUES ('9efabb88945c495aa2e620e634137cd0', 'Michael Laudrup', 'Laudrup', 88, '01fdbce47d104916b71f13cf61bbffe8');
INSERT INTO PLAYER (PLAYER_ID, name, alias, average, TEAM_ID)
VALUES ('eb505ad9ef9b48b394c904bed4f1d966', 'Romario Da Souza Faria', 'Romario', 88,
        '01fdbce47d104916b71f13cf61bbffe8');
INSERT INTO PLAYER (PLAYER_ID, name, alias, average, TEAM_ID)
VALUES ('33e0cc2900d743238233be7c0668c535', 'Enrique Estebaranz Lopez', 'Estebaranz', 86,
        '01fdbce47d104916b71f13cf61bbffe8');
INSERT INTO PLAYER (PLAYER_ID, name, alias, average, TEAM_ID)
VALUES ('a11a5c831e894e12a6732fb2f6a83761', 'Julio Salinas Fernádez', 'Julio Salinas', 63,
        '01fdbce47d104916b71f13cf61bbffe8');
INSERT INTO PLAYER (PLAYER_ID, name, alias, average, TEAM_ID)
VALUES ('a3eca780d84941e58ba9e026ac17ac59', 'Aitor Beguiristain Mújika', 'Beguiristain', 83,
        '01fdbce47d104916b71f13cf61bbffe8');
INSERT INTO PLAYER (PLAYER_ID, name, alias, average, TEAM_ID)
VALUES ('0bc592c1636e4b76b01ba0ad6b8ed56d', 'Ronald Koeman', 'Koeman', 79, '01fdbce47d104916b71f13cf61bbffe8');
INSERT INTO PLAYER (PLAYER_ID, name, alias, average, TEAM_ID)
VALUES ('6ec7f2d57e0140bc9fd19332de2191dd', 'Iván Iglesias Corteguera', 'Iván', 76, '01fdbce47d104916b71f13cf61bbffe8');
INSERT INTO PLAYER (PLAYER_ID, name, alias, average, TEAM_ID)
VALUES ('7fcc3091eb8c45899a67326520f35526', 'Carles Busquets Barroso', 'Busquets', 74,
        '01fdbce47d104916b71f13cf61bbffe8');

INSERT INTO lineup_line_up (line_up_lineup_id, line_up_player_id)
VALUES ('6f6d7e6942464b78860e8dd86d615ceb', 'c34f805cd6e34c009ee3c0fa331a7c6f');
INSERT INTO lineup_line_up (line_up_lineup_id, line_up_player_id)
VALUES ('6f6d7e6942464b78860e8dd86d615ceb', '2e9b1ee48f1e49c8a3d8780f6e390303');
INSERT INTO lineup_line_up (line_up_lineup_id, line_up_player_id)
VALUES ('6f6d7e6942464b78860e8dd86d615ceb', 'bb12ab03158842519383028d879853aa');
INSERT INTO lineup_line_up (line_up_lineup_id, line_up_player_id)
VALUES ('6f6d7e6942464b78860e8dd86d615ceb', 'fc519992558e4467a242522bdef2ad50');
INSERT INTO lineup_line_up (line_up_lineup_id, line_up_player_id)
VALUES ('6f6d7e6942464b78860e8dd86d615ceb', 'dc30811ff7b843ae82746a6ee58d2d66');
INSERT INTO lineup_line_up (line_up_lineup_id, line_up_player_id)
VALUES ('6f6d7e6942464b78860e8dd86d615ceb', '34f065ae0cf84c9e93f08b80c0b2b4dc');
INSERT INTO lineup_line_up (line_up_lineup_id, line_up_player_id)
VALUES ('6f6d7e6942464b78860e8dd86d615ceb', 'c505fb7dbbf647a99b16046fc5dc49f7');
INSERT INTO lineup_line_up (line_up_lineup_id, line_up_player_id)
VALUES ('6f6d7e6942464b78860e8dd86d615ceb', 'd5ef3a12383d4cbb87eacb7a1bbe3e9b');
INSERT INTO lineup_line_up (line_up_lineup_id, line_up_player_id)
VALUES ('6f6d7e6942464b78860e8dd86d615ceb', '9efabb88945c495aa2e620e634137cd0');
INSERT INTO lineup_line_up (line_up_lineup_id, line_up_player_id)
VALUES ('6f6d7e6942464b78860e8dd86d615ceb', 'eb505ad9ef9b48b394c904bed4f1d966');
INSERT INTO lineup_line_up (line_up_lineup_id, line_up_player_id)
VALUES ('6f6d7e6942464b78860e8dd86d615ceb', '33e0cc2900d743238233be7c0668c535');

INSERT INTO PLAYER (PLAYER_ID, name, alias, average, TEAM_ID)
VALUES ('d661f0dc971744f9891ea38c31dac3f3', 'Francisco Buyo Sánchez', 'Buyo', 83, '1eb88008666611ebae930242ac130002');
INSERT INTO PLAYER (PLAYER_ID, name, alias, average, TEAM_ID)
VALUES ('1e29057e5ac44544866001d30cb4c795', 'Claudeomir Vitor', 'Vitor', 84, '1eb88008666611ebae930242ac130002');
INSERT INTO PLAYER (PLAYER_ID, name, alias, average, TEAM_ID)
VALUES ('7e7f2b9659e0416f9b03765affa547a8', 'Luis Enrique Martínez García', 'Luis Enrique', 81,
        '1eb88008666611ebae930242ac130002');
INSERT INTO PLAYER (PLAYER_ID, name, alias, average, TEAM_ID)
VALUES ('f88c40d3a567402e9a558fe938a43261', 'Rafael Alkorta Martínez', 'Alkorta', 88,
        '1eb88008666611ebae930242ac130002');
INSERT INTO PLAYER (PLAYER_ID, name, alias, average, TEAM_ID)
VALUES ('6a611e6f04cc434e8bd6e4f1ce10f59a', 'Manuel Sanchís Hontiyuelo', 'Sanchís', 76,
        '1eb88008666611ebae930242ac130002');
INSERT INTO PLAYER (PLAYER_ID, name, alias, average, TEAM_ID)
VALUES ('657db94c3fdf4a2f86d3232b41d11dba', 'Fernando Ruiz Hierro', 'Hierro', 66, '1eb88008666611ebae930242ac130002');
INSERT INTO PLAYER (PLAYER_ID, name, alias, average, TEAM_ID)
VALUES ('b86323bba9d84c90a0a08b4bd79a61c6', 'Emilio Butragueño Santos', 'Butragueño', 86,
        '1eb88008666611ebae930242ac130002');
INSERT INTO PLAYER (PLAYER_ID, name, alias, average, TEAM_ID)
VALUES ('bca99aec89994ab1911f54b51298cfc1', 'J. Miguel González Martín', 'Míchel', 85,
        '1eb88008666611ebae930242ac130002');
INSERT INTO PLAYER (PLAYER_ID, name, alias, average, TEAM_ID)
VALUES ('10e96f694e2747f7a0fa51b872a99a5b', 'Iván Luis Zamorano Zamora', 'Zamorano', 86,
        '1eb88008666611ebae930242ac130002');
INSERT INTO PLAYER (PLAYER_ID, name, alias, average, TEAM_ID)
VALUES ('497525c762e74162adff02b6d7d602d3', 'Robert Prosinecki', 'Prosinecki', 86, '1eb88008666611ebae930242ac130002');
INSERT INTO PLAYER (PLAYER_ID, name, alias, average, TEAM_ID)
VALUES ('e3bde3e4223041cbbc4ab9f76c8cdd39', 'Rafael Martín Vázquez', 'Martín Vázquez', 86,
        '1eb88008666611ebae930242ac130002');
INSERT INTO PLAYER (PLAYER_ID, name, alias, average, TEAM_ID)
VALUES ('c5e2e6ddc5a74f07b77b0465e6c91dff', 'Alfonso Pérez Muñoz', 'Alfonso', 85, '1eb88008666611ebae930242ac130002');
INSERT INTO PLAYER (PLAYER_ID, name, alias, average, TEAM_ID)
VALUES ('8cde4cde65834dde945fb9a4864719fb', 'Mikel Lasa Goikoetxea', 'Lasa', 77, '1eb88008666611ebae930242ac130002');
INSERT INTO PLAYER (PLAYER_ID, name, alias, average, TEAM_ID)
VALUES ('c5520d608bf94bd0ae47acc0ee409f02', 'Peter Dubovsky', 'Dubovsky', 77, '1eb88008666611ebae930242ac130002');
INSERT INTO PLAYER (PLAYER_ID, name, alias, average, TEAM_ID)
VALUES ('45b7c8ceea5a4b6eb2aa3771db4d1bc7', 'Luis Milla Aspas', 'Milla', 72, '1eb88008666611ebae930242ac130002');
INSERT INTO PLAYER (PLAYER_ID, name, alias, average, TEAM_ID)
VALUES ('98010e29208a4295a5e263ef16f62ca5', 'Pedro Luis Jaro Reguero', 'Jaro', 68, '1eb88008666611ebae930242ac130002');

INSERT INTO lineup_line_up (line_up_lineup_id, line_up_player_id)
VALUES ('a945d329ae2843e8918deb44a9f49cf6', 'd661f0dc971744f9891ea38c31dac3f3');
INSERT INTO lineup_line_up (line_up_lineup_id, line_up_player_id)
VALUES ('a945d329ae2843e8918deb44a9f49cf6', '1e29057e5ac44544866001d30cb4c795');
INSERT INTO lineup_line_up (line_up_lineup_id, line_up_player_id)
VALUES ('a945d329ae2843e8918deb44a9f49cf6', '7e7f2b9659e0416f9b03765affa547a8');
INSERT INTO lineup_line_up (line_up_lineup_id, line_up_player_id)
VALUES ('a945d329ae2843e8918deb44a9f49cf6', 'f88c40d3a567402e9a558fe938a43261');
INSERT INTO lineup_line_up (line_up_lineup_id, line_up_player_id)
VALUES ('a945d329ae2843e8918deb44a9f49cf6', '6a611e6f04cc434e8bd6e4f1ce10f59a');
INSERT INTO lineup_line_up (line_up_lineup_id, line_up_player_id)
VALUES ('a945d329ae2843e8918deb44a9f49cf6', '657db94c3fdf4a2f86d3232b41d11dba');
INSERT INTO lineup_line_up (line_up_lineup_id, line_up_player_id)
VALUES ('a945d329ae2843e8918deb44a9f49cf6', 'b86323bba9d84c90a0a08b4bd79a61c6');
INSERT INTO lineup_line_up (line_up_lineup_id, line_up_player_id)
VALUES ('a945d329ae2843e8918deb44a9f49cf6', 'bca99aec89994ab1911f54b51298cfc1');
INSERT INTO lineup_line_up (line_up_lineup_id, line_up_player_id)
VALUES ('a945d329ae2843e8918deb44a9f49cf6', '10e96f694e2747f7a0fa51b872a99a5b');
INSERT INTO lineup_line_up (line_up_lineup_id, line_up_player_id)
VALUES ('a945d329ae2843e8918deb44a9f49cf6', '497525c762e74162adff02b6d7d602d3');
INSERT INTO lineup_line_up (line_up_lineup_id, line_up_player_id)
VALUES ('a945d329ae2843e8918deb44a9f49cf6', 'e3bde3e4223041cbbc4ab9f76c8cdd39');

INSERT INTO PLAYER (PLAYER_ID, name, alias, average, TEAM_ID)
VALUES ('97fd5e40f02a4df383edad0dc513101f', '', 'Liaño', 73, 'cb743f6420fb443a96b0aebc0f47d6e1');
INSERT INTO PLAYER (PLAYER_ID, name, alias, average, TEAM_ID)
VALUES ('3134582f0b484bf39e25b695028fe0ef', '', 'Voro', 75, 'cb743f6420fb443a96b0aebc0f47d6e1');
INSERT INTO PLAYER (PLAYER_ID, name, alias, average, TEAM_ID)
VALUES ('121997e453c34dbeaf9a31701819107b', '', 'Nando', 80, 'cb743f6420fb443a96b0aebc0f47d6e1');
INSERT INTO PLAYER (PLAYER_ID, name, alias, average, TEAM_ID)
VALUES ('f314ca2312ad4088a7a8841504bb2a7b', '', 'Ribera', 69, 'cb743f6420fb443a96b0aebc0f47d6e1');
INSERT INTO PLAYER (PLAYER_ID, name, alias, average, TEAM_ID)
VALUES ('55c43a21d7c64306a025c467f7315e56', '', 'Djukic', 85, 'cb743f6420fb443a96b0aebc0f47d6e1');
INSERT INTO PLAYER (PLAYER_ID, name, alias, average, TEAM_ID)
VALUES ('2f8d5777be1940acab73ef31d3928d02', '', 'Mauro Silva', 87, 'cb743f6420fb443a96b0aebc0f47d6e1');
INSERT INTO PLAYER (PLAYER_ID, name, alias, average, TEAM_ID)
VALUES ('3a90170dd93545f88836a766bd534b70', '', 'Lopez Rekarte', 75, 'cb743f6420fb443a96b0aebc0f47d6e1');
INSERT INTO PLAYER (PLAYER_ID, name, alias, average, TEAM_ID)
VALUES ('969577aeed434d1ab3836cbed227555c', '', 'Donato', 80, 'cb743f6420fb443a96b0aebc0f47d6e1');
INSERT INTO PLAYER (PLAYER_ID, name, alias, average, TEAM_ID)
VALUES ('85eb0e1e844a413ba59e4549972fc108', '', 'Claudio', 76, 'cb743f6420fb443a96b0aebc0f47d6e1');
INSERT INTO PLAYER (PLAYER_ID, name, alias, average, TEAM_ID)
VALUES ('ae445f70c3b9429cbd70ebae972bdf52', '', 'Fran', 87, 'cb743f6420fb443a96b0aebc0f47d6e1');
INSERT INTO PLAYER (PLAYER_ID, name, alias, average, TEAM_ID)
VALUES ('7e422785114d4f5d839a8dc0847e2e4b', '', 'Bebeto', 86, 'cb743f6420fb443a96b0aebc0f47d6e1');
INSERT INTO PLAYER (PLAYER_ID, name, alias, average, TEAM_ID)
VALUES ('6c814b400db34f43a59d089b93349fdb', '', 'Jose Ramon', 72, 'cb743f6420fb443a96b0aebc0f47d6e1');
INSERT INTO PLAYER (PLAYER_ID, name, alias, average, TEAM_ID)
VALUES ('e3b721c61a8e4073bf53d95a25791799', '', 'Mariano', 68, 'cb743f6420fb443a96b0aebc0f47d6e1');
INSERT INTO PLAYER (PLAYER_ID, name, alias, average, TEAM_ID)
VALUES ('36494082cd7048d9b1777418b2d42450', '', 'Manjarin', 82, 'cb743f6420fb443a96b0aebc0f47d6e1');
INSERT INTO PLAYER (PLAYER_ID, name, alias, average, TEAM_ID)
VALUES ('09309db8609445b096fcfa69833ab17a', '', 'Marcos Vales', 74, 'cb743f6420fb443a96b0aebc0f47d6e1');
INSERT INTO PLAYER (PLAYER_ID, name, alias, average, TEAM_ID)
VALUES ('c8c4ef66693f4ab1910d98b1730d527c', '', 'Elduayen', 70, 'cb743f6420fb443a96b0aebc0f47d6e1');

INSERT INTO lineup_line_up (line_up_lineup_id, line_up_player_id)
VALUES ('db206792f40d49f6819f9ac1ff868d85', '97fd5e40f02a4df383edad0dc513101f');
INSERT INTO lineup_line_up (line_up_lineup_id, line_up_player_id)
VALUES ('db206792f40d49f6819f9ac1ff868d85', '3134582f0b484bf39e25b695028fe0ef');
INSERT INTO lineup_line_up (line_up_lineup_id, line_up_player_id)
VALUES ('db206792f40d49f6819f9ac1ff868d85', '121997e453c34dbeaf9a31701819107b');
INSERT INTO lineup_line_up (line_up_lineup_id, line_up_player_id)
VALUES ('db206792f40d49f6819f9ac1ff868d85', 'f314ca2312ad4088a7a8841504bb2a7b');
INSERT INTO lineup_line_up (line_up_lineup_id, line_up_player_id)
VALUES ('db206792f40d49f6819f9ac1ff868d85', '55c43a21d7c64306a025c467f7315e56');
INSERT INTO lineup_line_up (line_up_lineup_id, line_up_player_id)
VALUES ('db206792f40d49f6819f9ac1ff868d85', '2f8d5777be1940acab73ef31d3928d02');
INSERT INTO lineup_line_up (line_up_lineup_id, line_up_player_id)
VALUES ('db206792f40d49f6819f9ac1ff868d85', '3a90170dd93545f88836a766bd534b70');
INSERT INTO lineup_line_up (line_up_lineup_id, line_up_player_id)
VALUES ('db206792f40d49f6819f9ac1ff868d85', '969577aeed434d1ab3836cbed227555c');
INSERT INTO lineup_line_up (line_up_lineup_id, line_up_player_id)
VALUES ('db206792f40d49f6819f9ac1ff868d85', '85eb0e1e844a413ba59e4549972fc108');
INSERT INTO lineup_line_up (line_up_lineup_id, line_up_player_id)
VALUES ('db206792f40d49f6819f9ac1ff868d85', 'ae445f70c3b9429cbd70ebae972bdf52');
INSERT INTO lineup_line_up (line_up_lineup_id, line_up_player_id)
VALUES ('db206792f40d49f6819f9ac1ff868d85', '7e422785114d4f5d839a8dc0847e2e4b');

INSERT INTO PLAYER (PLAYER_ID, name, alias, average, TEAM_ID)
VALUES ('1410a789d207451291ee37ca835558de', '', 'Sempere', 78, '95fb07024bbf485f9f930167d8e8c2c9');
INSERT INTO PLAYER (PLAYER_ID, name, alias, average, TEAM_ID)
VALUES ('f43030381371491e84bc60940a3822db', '', 'Quique', 75, '95fb07024bbf485f9f930167d8e8c2c9');
INSERT INTO PLAYER (PLAYER_ID, name, alias, average, TEAM_ID)
VALUES ('60bb05a6c1624383a20773cd328176c5', '', 'Serer', 76, '95fb07024bbf485f9f930167d8e8c2c9');
INSERT INTO PLAYER (PLAYER_ID, name, alias, average, TEAM_ID)
VALUES ('b3dcc9c543c44aa5b26e4cb4202232bc', '', 'Camarasa', 78, '95fb07024bbf485f9f930167d8e8c2c9');
INSERT INTO PLAYER (PLAYER_ID, name, alias, average, TEAM_ID)
VALUES ('453c56d5da0949bc9f3843c9c81a4e6a', '', 'Giner', 79, '95fb07024bbf485f9f930167d8e8c2c9');
INSERT INTO PLAYER (PLAYER_ID, name, alias, average, TEAM_ID)
VALUES ('755ee26fb21144088125daf2b8b6cebd', '', 'Roberto', 78, '95fb07024bbf485f9f930167d8e8c2c9');
INSERT INTO PLAYER (PLAYER_ID, name, alias, average, TEAM_ID)
VALUES ('38fea38dbccb4dc4b453d8e984de258f', '', 'Arroyo', 77, '95fb07024bbf485f9f930167d8e8c2c9');
INSERT INTO PLAYER (PLAYER_ID, name, alias, average, TEAM_ID)
VALUES ('67ddde2afe7343dea32325574ab0442e', '', 'Mijatovic', 89, '95fb07024bbf485f9f930167d8e8c2c9');
INSERT INTO PLAYER (PLAYER_ID, name, alias, average, TEAM_ID)
VALUES ('99a93fd494bd4676917d583133199312', '', 'Penev', 84, '95fb07024bbf485f9f930167d8e8c2c9');
INSERT INTO PLAYER (PLAYER_ID, name, alias, average, TEAM_ID)
VALUES ('26846fe98bdc463e98daa4b12c370cca', '', 'Fernando', 80, '95fb07024bbf485f9f930167d8e8c2c9');
INSERT INTO PLAYER (PLAYER_ID, name, alias, average, TEAM_ID)
VALUES ('41076e839e3b4a9cad3526c4fd7ee30f', '', 'Pizzi', 78, '95fb07024bbf485f9f930167d8e8c2c9');
INSERT INTO PLAYER (PLAYER_ID, name, alias, average, TEAM_ID)
VALUES ('0fe95d174af640ce88317680acc33172', '', 'Galvez', 81, '95fb07024bbf485f9f930167d8e8c2c9');
INSERT INTO PLAYER (PLAYER_ID, name, alias, average, TEAM_ID)
VALUES ('95e04f400eb1440db7e364282a920b25', '', 'Belodedici', 80, '95fb07024bbf485f9f930167d8e8c2c9');
INSERT INTO PLAYER (PLAYER_ID, name, alias, average, TEAM_ID)
VALUES ('8814f857d29b4cde99fb36291b17b0b0', '', 'Tomas', 76, '95fb07024bbf485f9f930167d8e8c2c9');
INSERT INTO PLAYER (PLAYER_ID, name, alias, average, TEAM_ID)
VALUES ('fcdbb531ccde4a72bdcc9b5f215e786a', '', 'Alvaro', 77, '95fb07024bbf485f9f930167d8e8c2c9');
INSERT INTO PLAYER (PLAYER_ID, name, alias, average, TEAM_ID)
VALUES ('0ae4a84c34164dba92b87fafa61c0fc5', '', 'Gonzalez', 75, '95fb07024bbf485f9f930167d8e8c2c9');

INSERT INTO lineup_line_up (line_up_lineup_id, line_up_player_id)
VALUES ('a62b21f61dae4e1ca47a5055beae7e76', '1410a789d207451291ee37ca835558de');
INSERT INTO lineup_line_up (line_up_lineup_id, line_up_player_id)
VALUES ('a62b21f61dae4e1ca47a5055beae7e76', 'f43030381371491e84bc60940a3822db');
INSERT INTO lineup_line_up (line_up_lineup_id, line_up_player_id)
VALUES ('a62b21f61dae4e1ca47a5055beae7e76', '60bb05a6c1624383a20773cd328176c5');
INSERT INTO lineup_line_up (line_up_lineup_id, line_up_player_id)
VALUES ('a62b21f61dae4e1ca47a5055beae7e76', 'b3dcc9c543c44aa5b26e4cb4202232bc');
INSERT INTO lineup_line_up (line_up_lineup_id, line_up_player_id)
VALUES ('a62b21f61dae4e1ca47a5055beae7e76', '453c56d5da0949bc9f3843c9c81a4e6a');
INSERT INTO lineup_line_up (line_up_lineup_id, line_up_player_id)
VALUES ('a62b21f61dae4e1ca47a5055beae7e76', '755ee26fb21144088125daf2b8b6cebd');
INSERT INTO lineup_line_up (line_up_lineup_id, line_up_player_id)
VALUES ('a62b21f61dae4e1ca47a5055beae7e76', '38fea38dbccb4dc4b453d8e984de258f');
INSERT INTO lineup_line_up (line_up_lineup_id, line_up_player_id)
VALUES ('a62b21f61dae4e1ca47a5055beae7e76', '67ddde2afe7343dea32325574ab0442e');
INSERT INTO lineup_line_up (line_up_lineup_id, line_up_player_id)
VALUES ('a62b21f61dae4e1ca47a5055beae7e76', '99a93fd494bd4676917d583133199312');
INSERT INTO lineup_line_up (line_up_lineup_id, line_up_player_id)
VALUES ('a62b21f61dae4e1ca47a5055beae7e76', '26846fe98bdc463e98daa4b12c370cca');
INSERT INTO lineup_line_up (line_up_lineup_id, line_up_player_id)
VALUES ('a62b21f61dae4e1ca47a5055beae7e76', '41076e839e3b4a9cad3526c4fd7ee30f');
